Institution Type,Institution,Campus,County,FIPS,Institution Address,Latitude,Longitude,
TCAT,Athens,Main Campus,"McMinn County, Tennessee",47107,"1635 Technology Way, Athens, TN 37303",35.44283231,-84.63048532,
TCAT,Athens,McMinn Higher Education Center Extension Campus,"McMinn County, Tennessee",47107,"2345 Denso Dr, Athens, TN 37303",35.471314,-84.647533,
TCAT,Chattanooga,ChSCC - West Campus (Kimball Site),"Marion County, Tennessee",47115,"4501 Amnicola Hwy #100, Chattanooga, TN 37406",35.10104203,-85.23556756,
TCAT,Chattanooga,Construction Career Center,"Hamilton County, Tennessee",47065,"2225 Roanoke Ave, Chattanooga, TN 37406",35.061414,-85.259973,
TCAT,Chattanooga,Kansita Building,"Hamilton County, Tennessee",47065,"4501 Amnicola Hwy #100, Chattanooga, TN 37406",35.10104203,-85.23556756,
TCAT,Chattanooga,Main Campus,"Hamilton County, Tennessee",47065,"4501 Amnicola Hwy, Chattanooga, TN 37406",35.10034777,-85.23978584,
Community College,Chattanooga,Not Available for Community Colleges,"Hamilton County, Tennessee",47065,"4501 Amnicola Hwy, Chattanooga, TN 37406",35.10032226,-85.23732709,
TCAT,Chattanooga,Rhea County Industrial Park (Dayton Site),"Rhea County, Tennessee",47143,"200 4th Avenue, Dayton, TN 37321",35.49483,-85.008853,
TCAT,Chattanooga,Suburban Manufacturing,"Hamilton County, Tennessee",47065,"4501 Amnicola Hwy, Chattanooga, TN 37406",35.10032226,-85.23732709,
Community College,Cleveland,Not Available for Community Colleges,"Bradley County, Tennessee",47011,"3535 Adkisson Dr, Cleveland, TN 37312",35.20101819,-84.87931779,
Community College,Columbia,Not Available for Community Colleges,"Maury County, Tennessee",47119,"1665 Hampshire Pike, Columbia, TN 38401",35.61663044,-87.09915065,
TCAT,Northwest,Covington Campus,"Tipton County, Tennessee",47167,"1600 U.S. 51 S, Covington, TN 38019",35.54530131,-89.65977471,
TCAT,Upper Cumberland (Formerly Crossville),Bledsoe County Correctional Complex,"Bledsoe County, Tennessee",47007,"1045 Horsehead Rd, Pikeville, TN 37367",35.74530379,-85.25233782,
TCAT,Upper Cumberland (Formerly Crossville),Main Campus,"Cumberland County, Tennessee",47035,"910 Miller Ave, Crossville, TN 38555",35.94699478,-85.03881454,
TCAT,Crump,Adamsville High School,"McNairy County, Tennessee",47109,"815 W Main St, Adamsville, TN 38310",35.222787,-88.416531,
TCAT,Crump,Chester County High School,"Chester County, Tennessee",47023,"552 East Main Street, Henderson, TN 38340",35.440583,-88.628142,
TCAT,Crump,Clifton Instructional Service Center,"Wayne County, Tennessee",47181,"795 Main St, Clifton, TN 38425",35.3757955,-87.98324803,
TCAT,Crump,Crump Parsons Extension,"Decatur County, Tennessee",47039,"256 West 9th Street, Parsons, TN 38363",35.640245,-88.127715,
TCAT,Crump,Hardin County High School,"Hardin County, Tennessee",47071,"1170 Pickwick St, Savannah, TN 38372",35.21110422,-88.24583054,
TCAT,Crump,Henderson/Chester County's Instructional Service Center,"Chester County, Tennessee",47023,"552 E Main St, Henderson, TN 38340",35.4402655,-88.62826185,
TCAT,Crump,Main Campus,"Hardin County, Tennessee",47071,"3070 US-64, Crump, TN 38327",35.22106121,-88.31942925,
TCAT,Crump,McNairy Central High School,"McNairy County, Tennessee",47109,"493 High School Rd, Selmer, TN 38375",35.162328,-88.553232,
TCAT,Crump,Scotts Hill High School,"Henderson County, Tennessee",47077,"7871 TN-100, Reagan, TN 38368",35.516971,-88.290062,
TCAT,Crump,Wayne County Technology Center,"Wayne County, Tennessee",47181,"703 S Main St, Waynesboro, TN 38485",35.305016,-87.761962,
TCAT,Dickson,Advanced Manufacturing Campus,"Dickson County, Tennessee",47043,"248 Beasley Dr, Dickson, TN 37055",36.607575,-87.257213,
TCAT,Dickson,Clarksville Extension,"Montgomery County, Tennessee",47125,"135 International Blvd, Clarksville, TN 37040",36.05045555,-87.36651068,
TCAT,Dickson,Franklin Extension,"Williamson County, Tennessee",47187,"1228 Liberty Pike, Franklin, TN 37067",35.924704,-86.808695,
TCAT,Dickson,Main Campus,"Dickson County, Tennessee",47043,"740 TN-46, Dickson, TN 37055",36.05050033,-87.36667657,
Community College,Dyersburg,Not Available for Community Colleges,"Dyer County, Tennessee",47045,"1510 Lake Rd, Dyersburg, TN 38024",36.04813475,-89.39095605,
TCAT,Elizabethton,Arney Street Campus,"Carter County, Tennessee",47019,"1500 Arney Street, Elizabethton, TN 37643",36.33758,-82.215655,
TCAT,Elizabethton,Cloudland High School,"Carter County, Tennessee",47019,"476 Cloadland Dr, Roan Mountain, TN 37687",36.193668,-82.062789,
TCAT,Elizabethton,Kingsport Higher Education Center,"Sullivan County, Tennessee",47165,"2533 N John B Dennis Hwy, Kingsport, TN 37660",36.56045913,-82.5005692,
TCAT,Elizabethton,Main Campus,"Carter County, Tennessee",47019,"426 TN-91, Elizabethton, TN 37643",36.36635454,-82.17871436,
TCAT,Elizabethton,Mountain City Extension Campus,"Johnson City, Tennessee",47091," 290 Fairground Ln Mountain City, TN 37683",36.479855,-81.797369,
TCAT,Harriman,Loudon County Instructional Service Center,"Loudon County, Tennessee",47105,"4380 Harrison Rd, Lenoir City, TN 37771",35.96575997,-84.51766091,
TCAT,Harriman,Lenoir City Instructional Service Center,"Loudon County, Tennessee",47105,"1485 Old Hwy 95, Lenoir City, TN 37771",35.808153,-84.286621,
TCAT,Harriman,Main Campus,"Roane County, Tennessee",47145,"1745 Harriman Hwy, Harriman, TN 37748",35.96571112,-84.51782301,
TCAT,Harriman,ThreeStar Extension Campus,"Roane County, Tennessee",47145,"901 Old Roane Street, Harriman, TN 37748",35.947447,-84.540028,
TCAT,Hartsville,Hendersonville High School,"Sumner County, Tennessee",47165,"123 Cherokee Rd, Hendersonville, TN 37075",36.303392,-86.606548,
TCAT,Hartsville,Macon County High School,"Macon County, Tennessee",47111,"2550 Days Rd, Lafayette, TN 37083",36.502001,-85.989703,
TCAT,Hartsville,Main Campus,"Trousdale County, Tennessee",47169,"716 E McMurry Blvd, Hartsville, TN 37074",36.38718981,-86.14377988,
TCAT,Hartsville,Smith County High School,"Smith County, Tennessee",47159,"312 Fite Ave E, Carthage, TN 37030",36.253899,-85.947233,
TCAT,Hartsville,Tri-County Career and Technical Education Center,"Macon County, Tennessee",47111,"3030 Lee Hwy, Athens, TN 37303",35.487374,-84.578969,
TCAT,Hartsville,Trousdale County High School,"Trousdale County, Tennessee",47169,"262 W McMurry Blvd, Hartsville, TN 37074",36.40444507,-86.17785502,
TCAT,Hartsville,Wilson County Career and Technical Education Center,"Wilson County, Tennessee",47189,"415 Tennessee Blvd, Lebanon, TN 37087",36.2005818,-86.28347532,
TCAT,Hohenwald,Bevis Education Instructional Service Center ,"Wayne County, Tennessee",47181,"100 E Tennessee St, Collinwood, TN 38450",35.17499781,-87.73898066,
TCAT,Hohenwald,Columbia Central High School Instructional Service,"Maury County, Tennessee",47119,"813 W Main St, Hohenwald, TN 38462",35.55184658,-87.57373627,
TCAT,Hohenwald,Lawrence County Instructional Service Center,"Lawrence County, Tennessee",47099,"921 Lion Parkway, Columbia, TN 38401",35.615885,-87.081184,
TCAT,Hohenwald,Main Campus,"Lewis County, Tennessee",47101,"813 W Main St, Hohenwald, TN 38462",35.55176802,-87.57372554,
TCAT,Hohenwald,Maury County Instructional Service Center,"Maury County, Tennessee",47119,"501 Gray Lane, Mount Pleasant, TN 38474",35.546718,-87.206911,
TCAT,Hohenwald,Perry County Instructional Service Center,"Perry County, Tennessee",47135,"9637 US-412, Linden, TN 37096",35.61824481,-87.99036977,
TCAT,Hohenwald,Spring Hill High School Instructional Service Center,"Maury County, Tennessee",47119,"1 Raider Lane, Columbia, TN 38401",35.716622,-86.972726,
TCAT,Hohenwald,Summertown High School Instructional Service Center,"Lawrence County, Tennessee",47099,"411 College St, Summertown, TN 38483",35.433219,-87.307972,
TCAT,Hohenwald,Wayne County Instructional Service Center,"Wayne County, Tennessee",47181,"108 Public Square N, Waynesboro, TN 38485",35.32036172,-87.76273994,
TCAT,Hohenwald,Wayne County Schools Extended Learning Facility,"Wayne County, Tennessee",47181,"1 Park Lane, Collinwood, TN 38450",35.219433,-87.723388,
TCAT,Hohenwald,Wayne Medical Instructional Service Center,"Wayne County, Tennessee",47181,"103 J V Mangubat Dr, Waynesboro, TN 38485",35.32486194,-87.75665377,
TCAT,Jacksboro,Campbell County High School,"Campbell County, Tennessee",47013,"150 Cougar Ln, Jacksboro, TN 37757",36.351645,-84.148355,
TCAT,Jacksboro,Main Campus,"Campbell County, Tennessee",47013,"265 Elkins Rd, Jacksboro, TN 37757",36.31742227,-84.20902223,
TCAT,Jacksboro,Woodson Mall,"Campbell County, Tennessee",47013,"265 Elkins Rd, Jacksboro, TN 37757",36.31742227,-84.20902223,
TCAT,Jacksboro,Woodson Mall Extension Campus,"Campbell County, Tennessee",47013,"2221 Jacksboro Pike, LaFollette, TN 37766",36.345655,-84.159806,
TCAT,Jackson,Brownsville/Haywood Extension Campus,"Haywood County, Tennessee",47075,"401 Morgan Street, Brownsville, TN 38012",35.602386,-89.232038,
TCAT,Jackson,Henderson/Chester County Instructional Service Center,"Chester County, Tennessee",47023,"1449 White Avenue, Henderson, TN 38340",35.46073,-88.667036,
TCAT,Jackson,Humboldt Higher Education Instructional Service Center,"Crockett County, Tennessee",47033,"1751 E Main St, Humboldt, TN 38343",35.81994827,-88.91216548,
TCAT,Jackson,Lexington Extension Campus,"Henderson County, Tennessee",47077,"230 S. Broad Street, Lexington, TN 38351",35.60697674,-88.91923577,
TCAT,Jackson,Main Campus,"Madison County, Tennessee",47113,"2468 Technology Center Dr, Jackson, TN 38301",35.6068962,-88.91997331,
TCAT,Jackson,McWherter Instructional Service Center,"Madison County, Tennessee",47113,"2046 North Pkwy, Jackson, TN 38301",35.647142,-88.785931,
Community College,Jackson,Not Available for Community Colleges,"Madison County, Tennessee",47113,"2046 North Pkwy, Jackson, TN 38301",35.647142,-88.785931,
TCAT,Jackson,TCAT Jackson - Whiteville Branch Campus,"Hardeman County, Tennessee",47069,"1685 Highway 64, Whiteville, TN 38075",35.319304,-89.159685,
TCAT,Knoxville,Anderson County Career and Technical Center,"Anderson County, Tennessee",47001,"140 Maverick Cir, Clinton, TN 37716",36.15930712,-84.09603446,
TCAT,Knoxville,Anderson County Higher Education Center Extension,"Anderson County, Tennessee",47001,"220 Frank L Diggs Dr, Clinton, TN 37716",36.1551577,-84.08411127,
TCAT,Knoxville,Blount Memorial Hospital,"Blount County, Tennessee",47009,"907 E Lamar Alexander Pkwy, Maryville, TN 37804",35.75643285,-83.95826927,
TCAT,Knoxville,Main Campus,"Knox County, Tennessee",47093,"3435 Division St, Knoxville, TN 37919",35.95621424,-83.9645765,
TCAT,Knoxville,Oak Ridge High School,"Anderson County, Tennessee",47001,"1450 Oak Ridge Turnpike, Oak Ridge, TN 37830",36.01658163,-84.26135843,
TCAT,Knoxville,Pellissippi State Community College -Strawberry Plains Campus,"Knox County, Tennessee",47093,"7201 Strawberry Plains Pike, Knoxville, TN 37914",36.001942,-83.782619,
TCAT,Knoxville,Ruth and Steve West Extension Campus,"Blount County, Tennessee",47009,"2731 West Lamar Alexander Parkway, Friendsville, TN 37737",35.755535,-84.072894,
TCAT,Livingston,Clay County High School,"Clay County, Tennessee",47027,"860 Clay County Hwy, Celina, TN 38551",36.559896,-85.519625,
TCAT,Livingston,Cookeville Higher Education Campus,"Putnam County, Tennessee",47141,"1000 Neal St, Cookeville, TN 38501",36.14578848,-85.48387244,
TCAT,Livingston,Fitzgerald Collision and  Repair Center  ,"Overton County, Tennessee",47133,"310 Oak Hill Rd, Livingston, TN 38570",36.289409,-85.362291,
TCAT,Livingston,Jackson County ISC,"Jackson County, Tennessee",47087,"255 Blue Devil Lane, Gainesboro, TN 38562",36.344595,-85.674094,
TCAT,Livingston,Main Campus,"Overton County, Tennessee",47133,"740 Hi Tech Dr, Livingston, TN 38570",36.39648239,-85.31766697,
TCAT,Livingston,Pickett County High School,"Pickett County, Tennessee",47137,"130 Skyline Dr, Byrdstown, TN 38549",36.57690552,-85.13290233,
TCAT,McKenzie,Main Campus,"Carroll County, Tennessee",47017,"16940 Highland Dr, McKenzie, TN 38201",36.13705044,-88.49254147,
TCAT,McKenzie,Weakley County Personal Development Center,"Weakley County, Tennessee",47183,"8250 Highway 22, Dresden, TN 38225",36.279172,-88.695799,
TCAT,McMinnville,Coffee County High School,"Coffee County, Tennessee",47031,"100 Red Raider Dr, Manchester, TN 37355",35.447159,-86.094968,
TCAT,McMinnville,Coffee County Instructional Service Center,"Coffee County, Tennessee",47031,"91 Volunteer Pkwy, Manchester, TN 37355",35.44518994,-86.02824901,
TCAT,McMinnville,Main Campus,"Warren County, Tennessee",47177,"241 Vo Tech Dr, McMinnville, TN 37110",35.7019736,-85.74561531,
TCAT,McMinnville,VIAM Manufacturing Inc.,"Coffee County, Tennessee",47031,"87 Park Tower Dr, Manchester, TN 37355",35.441203,-86.020437,
TCAT,McMinnville,Warren County High School,"Warren County, Tennessee",47177,"199 Pioneer Lane, McMinnville, TN 37110",35.7019736,-85.74561531,
TCAT,Memphis,Main Campus,"Shelby County, Tennessee",47157,"550 Alabama Ave, Memphis, TN 38105",35.15014452,-90.03920698,
TCAT,Memphis,Memphis International Airport,"Shelby County, Tennessee",47157,"3435 Tchulahoma Rd., Memphis, TN 38118",35.055175,-89.95147,
TCAT,Memphis,TCAT Memphis Bartlett Extension Campus ,"Shelby County, Tennessee",47157,"3375 Appling Rd, Bartlett, TN 38133",35.217987,-89.809468,
TCAT,Morristown,Airport Extension ,"Hamblen County, Tennessee",47063,"340 Piper St, Morristown, TN 37814",36.18320222,-83.37266818,
TCAT,Morristown,Greene County Instructional Service Center,"Greene County, Tennessee",47059,"993 Hal Henard Road, Greeneville, TN 37743",36.156943,-82.878663,
TCAT,Morristown,Greene Technology Center Instructional Service Center,"Greene County, Tennessee",47059,"1121 Hal Henard Road, Greenville, TN 37743",36.155352,-82.880474,
TCAT,Morristown,Greeneville Instructional Service Center ,"Greene County, Tennessee",47059,"1420 Tusculum Blvd, Greeneville, TN 37743",36.173696,-82.789676,
TCAT,Morristown,Hawkins County Branch,"Hawkins County, Tennessee",47073,"323 Phipps Bend Rd, Surgoinsville, TN 37873",36.47753323,-82.81166975,
TCAT,Morristown,Main Campus,"Hamblen County, Tennessee",47063,"821 W Louise Ave, Morristown, TN 37813",36.20523921,-83.30028223,
TCAT,Morristown,Newport Instructional Service Center ,"Cocke County, Tennessee",47029,"216 Hedrick Drive Newport, TN 37821",35.963607,-83.196636,
TCAT,Morristown,Tazewell Instructional Service Center,"Claiborne County, Tennessee",47025,"1325 Claiborne Street, Tazewell, TN 37879",36.450811,-83.582414,
Community College,Motlow,Not Available for Community Colleges,"Franklin County, Tennessee",47051,"6015 Ledford Mill Rd, Tullahoma, TN 37388","35.366534601995035, ",-86.30085788,
TCAT,Murfreesboro,Main Campus,"Rutherford County, Tennessee",47149,"1303 Old Fort Pkwy #3311, Murfreesboro, TN 37129",35.84578288,-86.41018857,
TCAT,Murfreesboro,TCAT Murfreesboro-Nissan Training Center,"Rutherford County, Tennessee",47149,"663 Ken Pilkerton Dr, Smyrna, TN 37167",35.967531,-86.498301,
TCAT,Nashville,Main Campus,"Davidson County, Tennessee",47037,"100 White Bridge Pike, Nashville, TN 37209",36.1324946,-86.85647217,
TCAT,Nashville,Cockrill Bend,"Davidson County, Tennessee",47037,"7204 Cockrill Bend Road, Nashville, TN 37209",36.170774,-86.884811,
TCAT,Nashville,Nashville Technology Center- Extension Campus,"Davidson County, Tennessee",47037,"100 White Bridge Pike, Nashville, TN 37209",36.1324946,-86.85647217,
Community College,Nashville,Not Available for Community Colleges,"Davidson County, Tennessee",,"120 White Bridge Rd, Nashville, TN 37209",36.13477496,-86.85720511,
TCAT,Nashville,Portland High School,"Sumner County, Tennessee",47165,"600 College St, Portland, TN 37148",36.58257894,-86.53286151,
TCAT,Nashville,TCAT - Portland Campus,"Sumner County, Tennessee",47165,"602 South Broadway, Portland, TN 37148",36.572577,-86.511149,
TCAT,Nashville,Springfield,"Robertson County, Tennessee",47147,"104 7th Avenue West, Springfield, TN 37172",36.507772,-86.886373,
TCAT,Northwest,Dyer County High School,"Dyer County, Tennessee",47045,"934 W Main St, Newbern, TN 38059",36.102718,-89.291244,
TCAT,Northwest,Dyersburg High School,"Dyer County, Tennessee",47045,"125 US-51 BYP, Dyersburg, TN 38024",36.05586569,-89.38468665,
TCAT,Northwest,Main Campus,"Dyer County, Tennessee",47045,"340 Washington St, Newbern, TN 38059",36.119764,-89.256525,
TCAT,Northwest,Northwest Correctional Complex/Lake County Instructional Service Center,"Lake County, Tennessee",47095,"300 Cochran Street, Tiptonville, TN 38079",36.375221,-89.472185,
TCAT,Northwest,TCAT Newbern - Bells Campus,"Crockett County, Tennessee",47033,"6514 Highway 412, Bells, TN 38006",35.734775,-89.076943,
TCAT,Northwest,"Ripley Campus, Transportation Campus","Lauderdale County, Tennessee",47097,"127 Industrial Drive, Ripley, TN 38063",35.77999,-89.519458,
TCAT,Northwest,TCAT Newbern - Union City Campus,"Obion County, Tennessee",47131,"204 S 2nd St, Union City, TN 38261",36.42549245,-89.05776269,
Community College,Northeast,Not Available for Community Colleges,"Washington County, Tennessee",47179,"2425 TN-75, Blountville, TN 37617",36.48493304,-82.40898608,
TCAT,Oneida,Main Campus,"Scott County, Tennessee",47151,"355 Scott High Dr, Huntsville, TN 37756",36.40819122,-84.52816318,
TCAT,Oneida,Morgan County Career and Technical Center,"Morgan County, Tennessee",47129,"132 Flat Fork Rd, Wartburg, TN 37887",36.09948987,-84.55212117,
TCAT,Oneida,Morgan County Regional Correctional Complex,"Morgan County, Tennessee",47129,"541 Wayne Cotton Morgan Dr, Wartburg, TN 37887",36.11020853,-84.54120717,
TCAT,Oneida,Oneida Campus,"Scott County, Tennessee",47151,"180 Eli Lane, Oneida, TN 37841",36.504117,-84.529719,
TCAT,Oneida,Alvin C. York Agricultural Institute,"Fentress County, Tennessee",47049,"701 N Main St, Jamestown, TN 38556",36.444169,-84.937668,
TCAT,Henry/Carroll,Benton County Government Building,"Benton County, Tennessee",47005,"152 N Forrest Ave, Camden, TN 38320",36.06283716,-88.09670248,
TCAT,Henry/Carroll,Main Campus,"Henry County, Tennessee",47079,"312 S Wilson St, Paris, TN 38242",36.2963495,-88.29664244,
TCAT,Henry/Carroll,Weakley County Personal Development Center,"Weakley County, Tennessee",47183,"8250 Hwy 22, Dresden, TN 38225",36.278613,-88.695736,
Community College,Pellissippi,Not Available for Community Colleges,"Knox County, Tennessee",47093,"10915 Hardin Valley Rd, Knoxville, TN 37932",35.94880708,-84.16579402,
TCAT,Pulaski,Lawrenceburg Instructional Service Center,"Lawrence County, Tennessee",47099,"100 Hicks Street, Lawrenceburg, TN 38464",35.257433,-87.329704,
TCAT,Pulaski,Main Campus,"Giles County, Tennessee",47055,"1233 E College St, Pulaski, TN 38478",35.19120468,-87.00771171,
TCAT,Pulaski,North Lawrence Instructional Service Center Summertown High School,"Lawrence County, Tennessee",47099,"411 College Street, Summertown, TN 38483",35.433272,-87.30793,
TCAT,Pulaski,Northfield Instructional Service Center,"Maury County, Tennessee",47119,"100 Saturn Parkway in Spring Hill, Tennessee",35.744109,-86.958211,
TCAT,Pulaski,Lawrenceburn Instructional Service Center Lawrence County High School,"Lawrence County, Tennessee",47099,"1800 Springer Road, Lawrenceburg, TN 38464",35.258611,-87.313962,
TCAT,Pulaski,South Lawrence Instructional Service Center Loretto High School,"Lawrence County, Tennessee",47099,"1233 E College St, Pulaski, TN 38478",35.069515,-87.451498,
TCAT,Northwest,Crockett County Higher Education Center,"Crockett County, Tennessee",47033,"6514 Highway 412, Bells, TN 38006",35.734795,-89.07699,
TCAT,Northwest,Ripley Campus,"Lauderdale County, Tennessee",47097,"127 Industrial Dr, Ripley, TN 38063",35.77978757,-89.51933616,
Community College,Roane,Not Available for Community Colleges,"Roane County, Tennessee",47145,"276 Patton Ln, Harriman, TN 37748",35.88145614,-84.62003198,
TCAT,Shelbyville,Don Sundquist Center of Advanced Technologies,"Bedford County, Tennessee",47003,,,,shut down?
TCAT,Shelbyville,Ariens Corporation,"Lincoln County, Tennessee",47103,"1810 Wilson Pkwy., Fayetteville, TN 37334",35.145537,-86.580162,
TCAT,Shelbyville,Franklin County Extension Campus,"Franklin County, Tennessee",47051,"925 Dinah Shore Blvd, Winchester, TN 37398",35.19400232,-86.10370486,
TCAT,Shelbyville,Lincoln Central Academy,"Lincoln County, Tennessee",47103,"204 Union St., Fayetteville, TN 37334",35.14476,-86.573164,
TCAT,Shelbyville,Main Campus,"Bedford County, Tennessee",47003,"1405 Madison St, Shelbyville, TN 37160",35.48565961,-86.42100498,
TCAT,Shelbyville,Middle Tennessee Education Center,"Bedford County, Tennessee",47003,"200 Dover St, Shelbyville, TN 37160",35.49268036,-86.47321268,
Community College,Southwest,Not Available for Community Colleges,"Shelby County, Tennessee",47157,"5983 Macon Cove, Memphis, TN 38134",35.16193931,-89.86638329,
Community College,Volunteer,Not Available for Community Colleges,"Wilson County, Tennessee",47189,"1480 Nashville Pike, Gallatin, TN 37066",36.36254125,-86.49726018,
Community College,Walters,Not Available for Community Colleges,"Hamblen County, Tennessee",47063,"500 S Davy Crockett Pkwy, Morristown, TN 37813",36.21375638,-83.26159325,
TCAT,Jackson,Whiteville,"Hardeman County, Tennessee",47069,"1685 US-64, Whiteville, TN 38075",35.31958927,-89.15975407,used to be TCAT Whitesville before it became a Jackson satellite
